second,timestamp,total,javascript,jit,images,layers,page,other
3,3.5017214583349414,55230464,7458275,1294336,0,0,37138973,9338880
4,4.001721458334941,79462400,7050416,1294336,0,0,61746000,9371648
5,5.00238249999893,79577088,12657104,1310720,0,0,52633136,12976128
6,6.0077446666691685,130695168,35155783,1785856,0,0,80318649,13434880
7,7.0130930000013905,169050112,44905155,2113536,0,0,108465469,13565952
8,8.023114125000575,212271104,56930046,2179072,0,0,142676226,10485760
9,9.028895125000417,263159808,72200167,3145728,0,0,177180697,10633216
10,10.035794083334622,302055424,88481339,3178496,0,0,196403653,13991936
11,11.042021749999549,343851008,108257898,3194880,0,0,218258838,14139392
12,12.052041416667635,386023424,123315566,3211264,0,0,245275282,14221312
13,13.0579000416692,428032000,132807363,3260416,0,0,277611837,14352384
14,14.064612500002113,784007168,140541442,3309568,0,0,628965886,11190272
15,15.07463483333413,963215360,140965156,3309568,0,0,807733980,11206656
16,16.080222541666444,516751360,158536265,3375104,0,0,343551415,11288576
17,17.08805504166594,555024384,180431735,3440640,0,0,356553865,14598144
18,18.097126250002475,601620480,201954449,3489792,0,0,381545327,14630912
19,19.101371250002558,642940928,214388087,3538944,0,0,410382985,14630912
20,20.111384541665757,621871104,214388087,3538944,0,0,389313161,14630912
21,21.12139866666621,618283008,214388087,3538944,0,0,385725065,14630912
22,22.125718458333722,618233856,214388087,3538944,0,0,385757833,14548992
23,23.131290708333836,618201088,214388087,3538944,0,0,385741449,14532608
24,24.13718987500033,1059749888,199496104,3522560,0,0,842280536,14450688
25,25.142827833333286,860291072,199594408,3522560,0,0,642723416,14450688
26,26.15284520833302,920748032,199594408,3522560,0,0,703180376,14450688
27,27.16286341666637,618594304,199594408,3522560,0,0,401026648,14450688
28,28.164413124999555,618594304,199594408,3522560,0,0,401026648,14450688
29,29.171261041668913,617775104,199594408,3522560,0,0,400404056,14254080
30,30.176908249999542,617512960,199594408,3522560,0,0,400141912,14254080
31,31.182403000002523,617512960,199594408,3522560,0,0,400141912,14254080
32,32.19241800000236,617529344,199594408,3522560,0,0,400158296,14254080
33,33.19857258333286,617529344,199594408,3522560,0,0,400158296,14254080
34,34.20859183333232,994443264,134906511,3522560,0,0,841743729,14270464
35,35.21000804166761,907935744,134906511,3522560,0,0,755236209,14270464
36,36.21546870833481,593543168,134906511,3522560,0,0,440843633,14270464
37,37.22548987499977,593559552,134906511,3522560,0,0,440860017,14270464
38,38.23153433333573,593559552,134906511,3522560,0,0,440860017,14270464
39,39.24154770833411,593543168,134906511,3522560,0,0,440843633,14270464
40,40.251562916666444,593559552,134906511,3522560,0,0,440860017,14270464
41,41.252575666669145,593559552,134906511,3522560,0,0,440860017,14270464
42,42.25987741666904,593559552,134906511,3522560,0,0,440860017,14270464
43,43.26100783333459,593444864,134906511,3522560,0,0,440745329,14270464
44,44.271024333334935,1019494400,134267022,3522560,0,0,867434354,14270464
45,45.27622604166754,911392768,134267022,3522560,0,0,759332722,14270464
46,46.276758666666865,593133568,134267022,3522560,0,0,441073522,14270464
47,47.28192345833304,593133568,134267022,3522560,0,0,441073522,14270464
48,48.29194216666656,593133568,134267022,3522560,0,0,441073522,14270464
49,49.30195637500219,593166336,134267022,3522560,0,0,441106290,14270464
50,50.30729437500122,593166336,134267022,3522560,0,0,441106290,14270464
51,51.3093948333335,593166336,134267022,3522560,0,0,441106290,14270464
52,52.31029958333238,593166336,134267022,3522560,0,0,441106290,14270464
53,53.31564508333395,593166336,134267022,3522560,0,0,441106290,14270464
54,54.31875041666717,970719232,134267027,3522560,0,0,818659181,14270464
55,55.325365166667325,912392192,134267027,3522560,0,0,760332141,14270464
56,56.33303974999944,593018880,134267027,3522560,0,0,440958829,14270464
57,57.336807708332344,593051648,134267027,3522560,0,0,440991597,14270464
58,58.34327891666908,593051648,134267027,3522560,0,0,440991597,14270464
59,59.34852366666746,593035264,134267027,3522560,0,0,440975213,14270464
60,60.358542624999245,593068032,134267027,3522560,0,0,441007981,14270464
61,61.365804416665924,593051648,134267027,3522560,0,0,440991597,14270464
62,62.37167966666675,593084416,134267027,3522560,0,0,441024365,14270464
63,63.38169720833321,593051648,134267027,3522560,0,0,440991597,14270464
64,64.39171116666694,970997760,134267027,3522560,0,0,818937709,14270464
65,65.39735350000046,1051197440,134267027,3522560,0,0,899186541,14221312
66,66.40736708333498,593035264,134517203,3522560,0,0,443936301,11059200
67,67.41499074999956,593018880,134517203,3522560,0,0,443919917,11059200
68,68.42500624999957,593100800,134519251,3522560,0,0,443999789,11059200
69,69.43023075000019,593035264,134519251,3522560,0,0,443934253,11059200
195,195.87281020833325,0,0,0,0,0,0,0
196,196.3904235000009,909770752,127271027,704512,0,0,770801549,10993664
197,197.40043804166635,1129644032,127287411,704512,0,0,990658445,10993664
198,198.40188429166665,578551808,127287411,720896,0,0,439533453,11010048
199,199.40624820833546,592986112,128073539,1327104,0,0,452395197,11190272
200,200.40861879166914,639664128,140212484,1818624,0,0,483002108,14630912
201,201.41553891666626,684113920,156569620,2195456,0,0,510685164,14663680
202,202.42344520833285,728530944,173654821,2260992,0,0,537951451,14663680
203,203.43251895833237,757792768,185074959,2326528,0,0,555727601,14663680
204,204.44254666666893,753926144,185074959,2326528,0,0,551860977,14663680
205,205.4525727500004,841957376,175887658,2326528,0,0,649079510,14663680
206,206.4625874166668,1126137856,183247745,2326528,0,0,925883519,14680064
207,207.47260733333314,1087160320,183247745,2326528,0,0,886905983,14680064
208,208.47816291666823,750419968,183247745,2326528,0,0,550214783,14630912
209,209.48399087500002,750125056,183247745,2326528,0,0,549969023,14581760
210,210.49388595833443,746569728,183247745,2326528,0,0,546413695,14581760
211,211.50391170833245,746569728,183247745,2326528,0,0,546413695,14581760
212,212.008921333334,746323968,183247745,2326528,0,0,546266239,14483456
213,213.0189601250022,746045440,183247745,2326528,0,0,546184319,14286848
214,214.0289921250005,745897984,183247745,2326528,0,0,546004095,14319616
215,215.03903583333522,745848832,183247745,2326528,0,0,546004095,14270464
216,216.04598737500055,1319829504,178665664,2326528,0,0,1124566848,14270464
217,217.05600620833502,1168408576,178665664,2326528,0,0,973145920,14270464
218,218.06118391666678,1391443968,178665664,2326528,0,0,1196181312,14270464
219,219.06690416666606,743014400,178665664,2326528,0,0,547751744,14270464
220,220.0769362083338,743030784,178665664,2326528,0,0,547768128,14270464
221,221.08207758333447,743030784,178665664,2326528,0,0,547768128,14270464
222,222.08809516666588,743030784,178665664,2326528,0,0,547768128,14270464
223,223.094036041668,743030784,178665664,2326528,0,0,547768128,14270464
224,224.1028502500012,743030784,178665664,2326528,0,0,547768128,14270464
225,225.11089745833306,743030784,178665664,2326528,0,0,547768128,14270464
226,226.12028483333415,1312079872,173794099,2326528,0,0,1121688781,14270464
227,227.1303040833336,1167704064,173794099,2326528,0,0,977312973,14270464
228,228.14032491666876,1398046720,173910131,2326528,0,0,1210750861,11059200
